<?xml version="1.0" encoding="UTF-8"?>
<config xmlns="http://www.knime.org/2008/09/XMLConfig" xmlns:xsi="http://www.w3.org/2001/XMLSchema-instance" xsi:schemaLocation="http://www.knime.org/2008/09/XMLConfig http://www.knime.org/XMLConfig_2008_09.xsd" key="MiningSchema">
    <config key="learning">
        <entry key="array-size" type="xint" value="12"/>
        <entry key="0" type="xstring" value="area"/>
        <entry key="1" type="xstring" value="bedrooms"/>
        <entry key="2" type="xstring" value="bathrooms"/>
        <entry key="3" type="xstring" value="stories"/>
        <entry key="4" type="xstring" value="mainroad"/>
        <entry key="5" type="xstring" value="guestroom"/>
        <entry key="6" type="xstring" value="basement"/>
        <entry key="7" type="xstring" value="hotwaterheating"/>
        <entry key="8" type="xstring" value="airconditioning"/>
        <entry key="9" type="xstring" value="parking"/>
        <entry key="10" type="xstring" value="prefarea"/>
        <entry key="11" type="xstring" value="furnishingstatus"/>
    </config>
    <config key="target">
        <entry key="array-size" type="xint" value="1"/>
        <entry key="0" type="xstring" value="price"/>
    </config>
</config>
